0,0,0,0,0,21,18608,83106,1.3e+05,86696,67104,65252,65453,64460,64895,79358,1.02e+05,1.57e+05,2.35e+05,1.83e+05,1.01e+05,88256,79944,20016,0,0,0,0,0,9,7057,31172,48923,33378,26060,25449,25383,25071,25198,30805,39707,59554,87929,68925,38766,34103,31296,7877
0,0,0,0,0,0,3233,10944,14924,10248,8179,9340,9982,9731,11954,15595,22581,39117,60051,42042,25212,23194,15116,1927,0,0,0,0,0,0,1218,4092,5617,3944,3209,3618,3868,3800,4612,6011,8658,14712,22335,15715,9662,8968,5917,742
0,0,0,0,0,53,14694,53605,79461,56467,45763,45994,45874,44531,50595,62945,80856,1.28e+05,1.85e+05,1.29e+05,77306,69908,54195,8809,0,0,0,0,0,18,5584,20120,30181,21767,17832,17886,17845,17303,19725,24411,31233,48698,69517,48584,29750,27086,21137,3483
0,0,0,0,0,331,6862,19571,25645,23317,20044,17703,18804,19845,21742,27201,34169,54185,81375,56218,37405,29573,24760,3443,0,0,0,0,0,129,2635,7349,9741,9044,7818,6884,7317,7691,8482,10592,13165,20641,30521,21186,14341,11466,9641,1358
0,0,0,0,50,929,11813,31422,46293,32702,25604,19433,23532,24672,26697,30071,33789,53978,66105,47565,29192,22144,16931,1513,0,0,0,0,20,359,4566,12075,17501,12621,10010,7631,9235,9692,10443,11758,13110,20603,25095,18285,11327,8687,6583,604
0,0,0,0,0,449,6984,32087,74368,50207,24326,17671,20994,23734,22183,22004,24322,40773,49044,35450,24630,24922,19575,2019,0,0,0,0,0,168,2639,12107,27867,19009,9499,6955,8195,9202,8650,8456,9398,15431,18402,13446,9450,9721,7656,794
0,0,0,0,0,196,8562,29184,95977,56701,28762,21626,24148,26335,23504,21121,23488,33294,45105,24770,14886,12666,9741,1272,0,0,0,0,0,70,3264,11140,35955,21560,11296,8480,9452,10320,9260,8268,9140,12759,16940,9429,5770,4924,3828,497
0,0,0,0,0,576,13823,65892,2.44e+05,2.18e+05,1.15e+05,1.01e+05,95780,95340,86949,80621,81920,1.07e+05,1.23e+05,73431,31734,21679,13294,1779,0,0,0,0,0,222,5271,24823,91141,82471,44420,39487,37588,37396,34055,31661,32123,41508,46863,28303,12330,8417,5236,717
0,0,0,0,0,641,4944,24933,40891,27160,13204,9939,9953,12031,9910,9524,8959,12847,17918,10584,7338,6795,4532,410,0,0,0,0,0,243,1890,9276,15257,10319,5076,3834,3838,4626,3865,3716,3494,4960,6901,4081,2865,2680,1775,164
0,0,0,0,0,474,9157,31169,50962,36505,18378,11374,12650,13384,9362,8440,7174,9877,14196,8694,4749,4316,3870,505,0,0,0,0,0,185,3455,11685,18946,13678,7050,4391,4852,5102,3630,3251,2834,3842,5417,3352,1865,1694,1530,202
0,0,0,0,0,595,15027,45654,1.03e+05,1.11e+05,54987,44175,43207,46769,40392,35310,36882,44331,54861,30128,15307,11483,7006,696,0,0,0,0,0,225,5739,17204,38531,41758,21235,17222,16803,18251,15795,13830,14589,17321,21054,11682,5954,4492,2755,269
0,0,0,0,0,953,13217,45242,1.62e+05,1.63e+05,64778,39996,37383,41150,34665,28528,29010,35755,40157,24354,11207,10085,6468,411,0,0,0,0,0,356,5068,16984,60154,60819,24594,15537,14543,15900,13479,11165,11429,13928,15426,9407,4381,3959,2518,164
0,0,0,0,0,1337,37676,61324,2.13e+05,1.44e+05,83190,74385,67008,68438,61804,52566,54504,73506,81718,44923,23094,15354,11905,9668,0,0,0,0,0,522,14814,23346,79823,54658,32434,29324,26257,26927,24376,20740,21689,28958,31703,17477,9008,5969,4663,3737
0,0,0,0,0,208,5448,29229,67556,45950,19219,15521,17594,21305,14996,13027,14962,17848,23519,13836,11147,11708,10695,563,0,0,0,0,0,82,2067,11069,25256,17388,7395,5978,6794,8270,5779,5055,5737,6818,8891,5285,4291,4537,4163,221
0,0,0,0,0,145,6345,28504,1.84e+05,1.28e+05,47878,23891,26682,34136,25588,21166,19334,27118,28885,17086,11361,10993,9492,531,0,0,0,0,0,57,2422,10578,68009,47619,17979,9136,10162,13019,9808,8080,7391,10353,10881,6522,4431,4278,3713,212
0,0,0,0,0,996,30077,1.06e+05,2.12e+05,1.32e+05,77327,61236,63214,65324,60044,59220,60596,85887,96859,60716,35686,33044,26736,1381,0,0,0,0,0,386,11618,40466,79641,50246,30070,23810,24616,25447,23407,23048,23570,33262,37199,23473,13821,12886,10452,538
0,0,0,0,0,300,7137,21192,44800,26475,18239,16315,17193,17430,17742,18459,23881,39226,56031,37299,29909,27601,25273,2204,0,0,0,0,0,114,2716,7931,16887,10117,7017,6290,6637,6726,6870,7176,9254,14891,21033,14110,11488,10695,9838,862
0,0,0,0,0,720,14250,48203,65075,50861,33934,27561,28691,32393,30758,31879,37543,63350,88386,56787,36565,31008,24361,2508,0,0,0,0,0,278,5398,18237,24476,19343,13133,10727,11137,12570,11949,12348,14497,24078,33086,21398,14022,12084,9511,987
0,0,0,0,0,231,6286,34138,1.37e+05,80598,31858,19812,19957,23270,18498,19681,23780,37366,50163,27271,16821,18591,13291,1939,0,0,0,0,0,95,2372,12723,50948,30050,12169,7713,7725,9049,7169,7637,9208,14317,18765,10313,6445,7172,5217,760
0,0,0,0,0,978,9943,42183,1.62e+05,70265,24602,17346,18320,20176,19547,20451,23671,28158,37810,24440,15320,13249,11833,1431,0,0,0,0,0,389,3813,15845,59902,26209,9433,6646,7079,7806,7559,7950,9164,10761,14353,9291,5904,5165,4605,563
0,0,0,0,0,881,6832,22976,44079,26983,23912,25676,25575,25380,30381,37389,49105,95171,1.49e+05,1.01e+05,62754,57808,57654,8694,0,0,0,0,0,340,2599,8665,16747,10429,9252,9951,9929,9849,11868,14444,18878,35874,55305,37733,23996,22389,22491,3445
0,0,0,0,0,113,3898,12171,38320,30263,23711,22914,23888,22654,24070,26179,35033,72298,1.18e+05,81987,36917,33931,29031,6963,0,0,0,0,0,42,1480,4634,14567,11705,9271,8983,9324,8878,9404,10163,13596,27510,44359,30682,14210,13105,11300,2696
0,0,0,0,0,126,5125,14460,21121,19685,18638,18910,18400,19532,21842,28666,39087,74093,1.29e+05,91285,50989,45463,40714,9965,0,0,0,0,0,48,1932,5525,8092,7638,7266,7329,7104,7639,8490,11149,14989,27986,47843,34049,19353,17465,15761,3906
0,0,0,0,0,285,1392,7118,35911,15385,7598,7124,8453,7704,7598,9654,11895,24774,39820,28112,15716,14609,13582,3148,0,0,0,0,0,110,554,2744,13427,5841,2917,2737,3296,3007,2949,3718,4558,9349,14736,10493,5970,5643,5275,1226
0,0,0,0,0,143,4773,18205,28364,19211,15726,16747,16907,16140,19574,26798,36206,57703,1.05e+05,77869,44944,44531,36858,10727,0,0,0,0,0,57,1813,6883,10738,7411,6100,6460,6593,6262,7606,10460,14075,22028,39447,29372,17297,17288,14422,4181
0,0,0,0,0,19,1451,5057,10052,7274,7531,9072,8780,8553,11285,13022,18805,32212,68947,58815,33126,28729,28784,9308,0,0,0,0,0,7,564,1940,3846,2863,2924,3521,3384,3328,4419,5095,7267,12282,25743,21992,12679,11059,11095,3587
0,0,0,0,0,0,437,4199,7544,4329,3004,2708,3143,3404,3342,4242,5403,9746,20567,20233,11966,9071,9682,3132,0,0,0,0,0,0,161,1569,2810,1679,1156,1066,1208,1334,1287,1648,2126,3727,7723,7579,4566,3455,3755,1227
0,0,0,0,0,0,7856,24593,24929,18559,14334,14363,17483,14385,15486,17691,26016,42932,85271,68328,34464,30816,24792,9556,0,0,0,0,0,0,3008,9378,9671,7301,5582,5614,6855,5659,6067,6903,10076,16335,31853,25636,13160,11901,9633,3709
0,0,0,0,0,165,12572,34905,50183,39906,32982,30538,32747,32759,37430,49499,70597,1.02e+05,2.16e+05,1.75e+05,1.22e+05,1.03e+05,96792,32725,0,0,0,0,0,64,4803,13238,19084,15438,12819,11937,12726,12711,14502,19197,27172,39095,80932,65707,46231,39222,37367,12483
0,0,0,0,0,1209,65549,1.36e+05,1.78e+05,1.36e+05,95333,78441,74576,85240,80324,79875,81063,96601,1.33e+05,84132,49331,32086,21350,5314,0,0,0,0,0,460,25446,52935,68717,52902,37443,30851,29173,33476,31559,31436,31861,37785,51400,32473,19206,12394,8269,2049
0,0,0,0,0,263,16000,32130,52275,28891,24427,21182,19128,22036,19848,19969,19386,29125,41991,29881,14743,10166,9516,2021,0,0,0,0,0,108,6133,12174,19585,10971,9310,8182,7360,8517,7675,7686,7542,11128,15861,11345,5672,3929,3701,785
0,0,0,0,0,219,8181,47287,2.47e+05,1.17e+05,35924,25382,29111,32277,32086,37455,47687,86956,1.52e+05,1.15e+05,77687,73104,75611,20393,0,0,0,0,0,87,3123,17591,90866,43132,13551,9734,11156,12365,12405,14472,18350,32996,56722,43181,29604,28095,29211,7847
0,0,0,0,0,532,5152,15274,33450,25415,17461,16437,18374,17252,19232,21673,26886,47802,78415,57949,41482,39167,34762,6913,0,0,0,0,0,205,1958,5761,12526,9678,6689,6391,7125,6682,7482,8461,10441,18203,29210,21638,15925,15126,13416,2690
0,0,0,0,0,401,3412,19448,74709,38450,20740,19206,21727,21192,20904,21670,27150,48479,71190,45996,29127,25485,22293,3998,0,0,0,0,0,156,1310,7275,27910,14549,8072,7462,8448,8285,8101,8461,10477,18393,26669,17295,11114,9842,8676,1546
0,0,0,0,0,306,8386,50556,2.12e+05,1.24e+05,56660,48818,52972,47100,43817,48995,58956,1.09e+05,1.63e+05,1.01e+05,56777,50519,43752,6765,0,0,0,0,0,121,3169,18850,78439,46800,21756,18997,20605,18244,17092,19060,22915,41496,61375,38195,21651,19384,16916,2605
0,0,0,0,0,1069,8839,39277,1.25e+05,1.17e+05,67862,60187,60912,59356,55560,65318,79842,1.31e+05,2.01e+05,1.23e+05,70929,59930,48510,21387,0,0,0,0,0,401,3407,14826,46712,44186,26318,23634,23958,23327,21926,25553,31173,49910,75732,46201,27025,22856,18594,8140
0,0,0,0,0,421,8770,34825,1.39e+05,89030,31876,21488,24387,27380,24191,22212,26113,40034,52700,32575,21346,21527,18031,3799,0,0,0,0,0,155,3294,13054,51518,33067,12091,8257,9361,10456,9306,8492,10040,15166,19836,12328,8152,8293,6980,1474
0,0,0,0,0,593,19343,86285,2.42e+05,2.41e+05,1.08e+05,84554,78147,78971,67553,67412,68178,1.08e+05,1.5e+05,81877,43761,33796,24269,13821,0,0,0,0,0,227,7321,32340,89968,90027,41578,32945,30319,30615,26363,26307,26563,41283,56809,31090,16752,12899,9299,5279
0,0,0,0,0,299,19956,64032,2.12e+05,1.8e+05,93790,69578,70469,73350,68046,76624,89192,1.61e+05,2.26e+05,1.26e+05,82861,75303,48312,5667,0,0,0,0,0,120,7621,24043,78674,67742,35927,27068,27345,28379,26544,29672,34419,60785,84415,47359,31532,28669,18511,2178
0,0,0,0,0,347,14146,62409,2.2e+05,1.43e+05,85096,69150,65321,67922,62877,65463,68463,90016,1.07e+05,69857,40793,26331,22071,7017,0,0,0,0,0,139,5364,23347,81974,53932,32982,27028,25403,26442,24683,25712,26891,34939,41200,27102,15851,10135,8508,2668
0,0,0,0,0,64,22730,1.43e+05,5.8e+05,2.88e+05,1.21e+05,96832,85301,94907,77556,76641,87292,1.19e+05,1.33e+05,85551,53631,38431,24002,5802,0,0,0,0,0,22,8586,52981,2.14e+05,1.08e+05,46886,37874,33326,36948,30449,30217,34362,46218,50887,33084,20765,14882,9263,2208
0,0,0,0,0,154,11921,55900,2.22e+05,1.08e+05,38204,28236,29169,33248,30794,30190,36108,61215,90839,53393,37765,39923,36932,7009,0,0,0,0,0,57,4530,20800,81911,40194,14531,10799,11266,12737,11873,11622,13938,23188,34035,20121,14446,15344,14312,2706
0,0,0,0,0,383,8287,34018,87168,59302,47848,31974,26658,30435,25254,23047,21376,30136,39921,23031,12080,8071,6236,2479,0,0,0,0,0,147,3180,12928,32898,23112,18854,12644,10533,11948,9966,9114,8338,11537,15149,8767,4686,3121,2419,954
0,0,0,0,0,0,2002,18628,34176,16430,12793,12181,13187,13353,13649,16558,18995,39921,62668,45716,28822,26885,21649,4476,0,0,0,0,0,0,784,6935,12831,6284,5002,4805,5138,5235,5386,6497,7346,15049,23313,17110,11000,10354,8432,1726
16,0,0,0,0,73,9749,42190,47464,32790,28560,31164,34120,30188,30811,35455,48311,1.01e+05,1.74e+05,1.11e+05,68691,52119,56318,15398,6,0,0,0,0,28,3740,15907,17937,12651,11112,12200,13341,11886,12057,13830,18813,38227,65242,41941,26246,20071,21864,5856
0,0,0,0,0,23,5777,80392,2.71e+05,1.46e+05,33803,20603,21539,24785,21861,20173,24157,39649,59861,46253,32708,29560,28550,5445,0,0,0,0,0,8,2188,29724,1e+05,54246,12863,7850,8222,9436,8435,7834,9341,15145,22509,17396,12520,11475,11107,2097
0,0,0,0,0,33,5642,70795,2.69e+05,1.85e+05,56352,33377,31129,30003,25327,28504,35686,60573,99823,71420,39386,31105,28512,7661,0,0,0,0,0,14,2165,26124,98911,68572,21368,13035,12171,11700,9942,11147,14091,23332,37957,27040,15158,11980,11138,2946
0,0,0,0,0,46,4989,42417,1.4e+05,79915,22857,18199,19500,21661,22580,26030,35977,68064,1.38e+05,1.28e+05,82044,76349,76388,31060,0,0,0,0,0,18,1908,15664,51769,29649,8759,7095,7561,8494,8782,10167,14049,25979,51457,48093,31267,29325,29844,11982
0,0,0,0,0,2,2241,13576,26106,14241,9841,10065,10621,10114,12449,17041,22206,38550,91995,88906,56544,44831,19238,0,0,0,0,0,0,0,857,5085,9754,5397,3863,3944,4197,3951,4887,6708,8687,14776,34470,33290,21476,17228,7512,0
0,0,0,0,0,0,597,3384,3001,1827,1314,1316,1354,1255,1450,1495,2011,3073,5525,6978,3677,3829,1526,0,0,0,0,0,0,0,243,1269,1128,694,502,503,533,474,566,571,790,1187,2122,2637,1422,1458,596,0
0,0,0,0,0,0,1367,13142,11655,7206,6770,7038,7169,6942,8349,11748,16325,27347,52937,46507,34654,27941,13053,0,0,0,0,0,0,0,525,5032,4444,2787,2630,2777,2798,2697,3266,4558,6320,10367,19762,17393,13132,10737,5131,0
0,0,0,0,0,0,1934,12590,18137,17244,12852,12682,13559,15166,15638,17903,24049,39603,60582,63928,36098,39042,18020,0,0,0,0,0,0,0,755,4802,6946,6713,4985,4883,5226,5844,6093,6934,9306,15125,22855,23853,13776,14928,7015,0
0,0,0,0,0,0,271,1134,3008,2657,3037,2556,2323,2284,2745,3434,5452,7918,13992,12656,8025,7509,3438,0,0,0,0,0,0,0,107,429,1159,1025,1188,995,911,882,1088,1309,2104,3015,5277,4774,3062,2883,1329,0
0,0,0,0,0,0,653,1088,4199,4768,3294,2722,2506,2349,1874,2480,2296,4660,3835,3973,2799,2881,2956,2,0,0,0,0,0,0,253,435,1634,1838,1327,1088,997,943,741,982,919,1765,1456,1516,1077,1103,1142,0
0,0,0,0,0,0,242,6337,15447,4727,1216,1627,1136,1183,926,1360,1300,1263,1667,2558,2009,1630,513,0,0,0,0,0,0,0,97,2409,5772,1777,450,611,421,442,355,523,499,493,648,980,775,632,204,0
0,0,0,0,0,0,3907,25418,33133,25343,19383,17402,15254,17612,17257,15034,13754,14550,14379,17965,13420,9111,4530,0,0,0,0,0,0,0,1507,9729,12646,9817,7500,6734,5914,6826,6729,5784,5307,5663,5628,7005,5216,3560,1759,0
0,0,0,0,0,319,13219,36185,47703,40822,32630,28150,32408,30825,37470,43730,51457,84712,1.28e+05,80140,47182,39608,28273,4662,0,0,0,0,0,127,5110,13933,18370,15942,12886,10958,12653,12041,14595,17101,19974,32255,47978,30364,18133,15382,11044,1798
0,0,0,0,0,17,2740,7773,23416,14842,7904,5960,6864,8115,7288,9297,11543,22421,33678,21818,14229,14265,9542,1251,0,0,0,0,0,8,1041,2928,8732,5587,3015,2283,2686,3131,2821,3611,4436,8406,12550,8187,5451,5494,3741,487
0,0,0,0,0,42,4851,25279,37748,21569,10493,10107,11426,12324,12159,14096,18324,36817,56461,41487,28821,27008,22826,3208,0,0,0,0,0,19,1836,9447,14131,8193,4047,3883,4410,4736,4668,5513,7059,13776,21146,15664,11039,10471,8923,1244
0,0,0,0,0,0,2169,10539,39731,22567,11910,8114,8276,9049,7665,7910,9353,14227,18903,9802,5782,5497,4080,535,0,0,0,0,0,0,826,3985,14876,8511,4615,3159,3291,3553,3010,3108,3626,5449,7128,3757,2234,2136,1598,207
0,0,0,0,0,76,2987,12163,50444,29126,11376,7049,8897,8035,7420,7235,7068,10464,11568,7194,4596,4287,4530,922,0,0,0,0,0,29,1125,4541,18751,11032,4403,2722,3439,3082,2859,2785,2742,3999,4379,2723,1785,1638,1775,366
0,0,0,0,0,35,3931,27618,88878,54388,17374,13803,13875,14399,11378,12941,15986,24452,30638,18202,14348,13301,8141,1371,0,0,0,0,0,13,1488,10260,32739,20237,6594,5305,5364,5524,4370,5023,6142,9314,11511,6882,5556,5169,3194,534
0,0,0,0,0,361,9533,37907,1.68e+05,1.13e+05,36482,21875,22995,23482,21871,19623,22425,32505,45581,30760,17712,16908,11109,1068,0,0,0,0,0,144,3666,14269,62203,42037,13873,8464,8822,9112,8431,7563,8708,12374,17190,11730,6832,6566,4367,428
0,0,0,0,0,186,10273,36792,1.16e+05,91446,50185,40083,38901,35235,32808,31750,37916,61778,77127,41643,19656,15052,10228,976,0,0,0,0,0,69,3907,13859,43083,34572,19522,15798,15280,13910,12894,12504,14884,23870,29267,15881,7594,5860,3996,382
0,0,0,0,0,201,3081,12704,52698,35263,25538,21633,19096,19694,18549,20033,22962,37903,57536,34110,19810,17175,14244,1129,0,0,0,0,0,75,1175,4770,19605,13407,9922,8503,7492,7703,7276,7834,8951,14472,21615,12879,7562,6658,5552,435
0,0,0,0,0,356,5907,32666,83843,49370,23272,18957,20218,20201,18994,22178,26692,43763,59704,35653,19829,20776,18324,1536,0,0,0,0,0,142,2273,12137,31154,18540,8902,7334,7801,7772,7349,8616,10236,16591,22340,13474,7595,8052,7202,609
0,0,0,0,0,102,4081,15863,54851,25605,16722,15704,17795,16082,15871,19983,24109,47736,68649,41298,28832,25593,19199,1432,0,0,0,0,0,36,1562,5986,20315,9714,6462,6059,6899,6251,6201,7710,9320,18059,25683,15645,11092,9959,7474,562
0,0,0,0,0,132,5979,11783,26651,21591,14958,13000,14972,15188,16306,20826,27476,50154,76836,46697,30215,29382,21430,724,0,0,0,0,0,54,2272,4461,10054,8278,5795,5076,5824,5917,6410,8055,10603,18878,28592,17556,11632,11389,8287,279
0,0,0,0,0,1211,34766,92006,1.58e+05,99812,69208,57001,60493,60292,59022,60920,65446,1.08e+05,1.23e+05,70317,40564,36256,23318,1165,0,0,0,0,0,471,13663,35362,60093,38639,27163,22283,23823,23545,23074,23833,25499,41619,47068,27058,15644,14082,9093,448
0,0,0,0,0,281,5642,24167,40017,30297,18329,14373,15351,15793,14751,14487,13677,19648,25456,15989,10620,9859,8180,1276,0,0,0,0,0,109,2185,9020,14917,11526,7108,5536,5968,6136,5658,5621,5268,7493,9577,6085,4101,3802,3183,495
0,0,0,0,0,99,3322,18348,56979,38310,16435,12283,14654,14484,12429,11952,15885,21746,24680,17641,10875,10051,7195,1028,0,0,0,0,0,39,1275,6818,21264,14435,6402,4749,5681,5650,4824,4620,6114,8259,9345,6696,4208,3876,2814,388
0,0,0,0,0,138,3569,15032,55125,37223,14447,10640,11952,12410,9935,9886,11262,17520,24464,14077,6260,5553,5238,780,0,0,0,0,0,53,1355,5642,20623,14172,5644,4186,4658,4809,3893,3860,4512,6821,9566,5484,2438,2137,2051,308
0,0,0,0,0,47,4795,22813,41398,19095,11771,11412,12875,11730,13199,14815,18432,27377,42116,29638,18891,18240,13031,1465,0,0,0,0,0,17,1829,8572,15684,7279,4526,4427,5068,4544,5158,5718,7150,10327,15776,11174,7238,7151,5106,568
0,0,0,0,0,166,4775,27281,80867,44167,18137,15327,16172,16679,17386,18548,22926,42349,55668,40368,24071,24493,16951,2169,0,0,0,0,0,64,1816,10272,29951,16584,6967,5934,6242,6473,6723,7178,8789,16033,20776,15177,9255,9487,6612,830
0,0,0,0,0,217,6135,23642,32855,22243,15902,14618,16308,17912,16645,23018,29185,54736,82552,60912,34521,33122,23857,4594,0,0,0,0,0,84,2301,8919,12431,8568,6185,5642,6312,6937,6507,8913,11226,20628,30778,22851,13135,12807,9347,1801
0,0,0,0,0,10,2892,10114,18610,13869,11617,10013,11410,12897,13842,17775,23421,45124,76064,55418,29288,31180,22590,4408,0,0,0,0,0,4,1094,3842,7053,5317,4476,3898,4436,5077,5378,6841,9032,16991,28315,20693,11191,12047,8804,1725
0,0,0,0,0,42,2853,9736,35025,21528,11709,9582,10536,11364,12724,13762,21143,42179,68080,46916,26998,27166,22075,3020,0,0,0,0,0,18,1076,3627,13052,8102,4494,3704,4114,4418,4944,5332,8080,15871,25270,17504,10299,10415,8629,1166
0,0,0,0,0,35,945,2857,16832,9931,5177,4666,4635,3931,4499,4761,6932,12510,20129,17639,9005,9395,9082,1260,0,0,0,0,0,13,368,1073,6307,3783,2043,1847,1816,1521,1790,1864,2645,4784,7438,6620,3464,3667,3501,500
0,0,0,0,0,39,915,4771,4765,2043,1408,847,1294,1181,1055,1281,2289,2953,3118,3490,1877,1970,1410,642,0,0,0,0,0,15,364,1776,1783,786,550,333,495,461,419,495,875,1126,1192,1321,721,770,542,254
0,0,0,0,0,11,1606,7264,12851,5279,5908,4782,4865,5389,5310,5684,6784,12296,21801,18505,11255,7091,7399,1809,0,0,0,0,0,4,607,2728,4807,2006,2303,1837,1919,2082,2045,2193,2582,4714,8145,6890,4277,2736,2917,708
0,0,0,0,0,18,1321,5782,13727,7307,7847,7307,7238,5961,6868,5907,6369,10404,13858,13696,6602,5330,4050,1722,0,0,0,0,0,8,499,2220,5170,2834,3047,2845,2791,2312,2642,2317,2456,3987,5244,5122,2531,2083,1605,674
0,0,0,0,0,8,1766,15203,21782,8916,7651,7169,6385,6676,7316,7775,8596,14101,24474,23115,10430,11098,8503,2949,0,0,0,0,0,3,672,5630,8041,3414,2923,2767,2471,2562,2819,3027,3298,5421,9122,8648,4014,4269,3358,1155
0,0,0,0,0,0,2821,15512,14906,2945,1219,1196,878,1163,960,1413,1405,2874,5332,5889,2205,2206,2006,521,0,0,0,0,0,0,1060,5702,5494,1107,458,447,337,447,373,540,558,1102,2008,2219,850,866,791,211
0,0,0,0,0,0,2768,5878,6967,3817,5217,4387,4615,5808,5178,6210,12308,17932,33498,30314,15896,13814,11072,3757,0,0,0,0,0,0,1039,2238,2644,1486,2018,1684,1777,2260,2017,2430,4742,6772,12541,11289,6054,5342,4270,1465
0,0,0,0,0,25,3190,10533,48246,35799,16437,13923,13671,14452,12470,11119,12470,17318,22242,12520,6545,5233,3940,323,0,0,0,0,0,9,1205,4003,18171,13726,6477,5473,5402,5721,4915,4380,4890,6632,8460,4747,2520,2040,1542,135
0,0,0,0,0,8,3778,19476,93760,60222,19717,13166,14331,15521,13310,11524,13953,19429,24727,13900,8141,8492,9613,2494,0,0,0,0,0,2,1437,7352,34875,22649,7576,5030,5535,6023,5137,4503,5364,7389,9281,5262,3132,3299,3816,998
0,0,0,0,0,121,2738,13098,30835,20972,11554,7630,8539,9600,8890,8959,11008,16006,21206,12532,8366,9582,9029,338,0,0,0,0,0,45,1045,4913,11660,7939,4425,2946,3331,3765,3502,3496,4283,6138,8035,4769,3219,3736,3511,132
0,0,0,0,0,208,4298,15232,43430,31155,16815,15269,15617,15470,15588,16749,21686,45905,59246,31715,23018,23325,16778,703,0,0,0,0,0,81,1645,5758,16241,11808,6489,5867,6028,6006,6023,6490,8379,17381,22176,11976,8823,9017,6552,279
0,0,0,0,0,181,9356,37555,1.25e+05,94151,28507,19870,24141,24930,21177,22421,24770,45846,54548,33567,23258,20265,16597,1357,0,0,0,0,0,69,3541,14041,46278,35053,10804,7675,9353,9539,8158,8686,9531,17328,20492,12721,8964,7866,6485,530
0,0,0,0,0,263,6454,28006,83592,28550,13415,11676,10253,11845,11366,13588,15720,29793,39786,25200,17948,16735,16621,393,0,0,0,0,0,100,2455,10442,30970,10653,5146,4490,3983,4533,4401,5243,6066,11302,14869,9530,6912,6466,6504,155
0,0,0,0,0,124,9932,43977,1.45e+05,75729,23680,15362,17330,18979,16821,16603,18786,33998,43493,29263,20060,21188,15923,349,0,0,0,0,0,45,3787,16415,53592,28255,9025,5849,6634,7284,6450,6410,7230,12842,16305,11078,7717,8174,6224,132
54,0,0,0,0,376,15098,83961,2.81e+05,1.05e+05,45824,40372,39238,40643,39131,41681,44523,76353,1.07e+05,63880,41142,38448,28413,11461,20,0,0,0,0,140,5680,31296,1.04e+05,39465,17591,15617,15263,15712,15006,16134,17243,29218,40257,24181,15826,14912,11143,4482
0,0,0,0,0,165,10118,51417,2.66e+05,1.25e+05,31682,19759,19713,24753,17791,16455,12068,16846,17818,9945,5623,4996,3061,334,0,0,0,0,0,61,3809,19010,97911,46139,11904,7475,7435,9281,6682,6181,4582,6413,6710,3789,2152,1952,1191,133
0,0,0,0,0,25,4642,31401,1.43e+05,64586,20663,14789,15180,15260,13964,15693,17543,30008,36754,21421,13901,13667,8748,585,0,0,0,0,0,8,1776,11681,52747,24161,7872,5640,5800,5877,5319,6036,6711,11355,13705,8091,5337,5286,3447,232
0,0,0,0,0,229,9594,41534,96155,51975,29236,22707,25785,25983,24726,25730,27808,45847,64143,39000,23421,22043,18130,803,0,0,0,0,0,84,3656,15567,35685,19641,11248,8788,9903,9940,9488,9922,10729,17382,23990,14702,9002,8563,7061,313
0,0,0,0,0,31,9115,22939,53034,37876,18890,12590,14263,16742,14029,14067,13999,22043,23745,15574,11689,11892,8880,311,0,0,0,0,0,11,3592,8748,19798,14228,7359,4882,5518,6534,5464,5508,5415,8382,8893,5869,4544,4618,3474,124
0,0,0,0,0,123,6159,26624,87151,60774,25037,17828,20226,19953,19732,20396,23327,38734,42229,26510,19326,19060,11604,669,0,0,0,0,0,48,2342,10002,32336,22746,9639,6843,7878,7705,7640,7939,9023,14742,15783,9921,7496,7376,4569,262
0,0,0,0,0,577,10812,38779,43544,40582,22814,13782,18453,19922,18237,14820,13420,19008,24283,14991,11599,12612,7942,1060,0,0,0,0,0,227,4071,14575,16385,15354,8748,5325,7033,7565,6994,5737,5196,7229,9114,5728,4461,4908,3099,418
0,0,0,0,0,31,6753,29636,85080,70321,31077,28125,28377,27549,26765,22744,27829,41053,56799,32041,17567,18225,11371,736,0,0,0,0,0,12,2587,11239,31912,26441,11899,10919,11041,10660,10386,8841,10790,15651,21333,12154,6752,7043,4478,298
0,0,0,0,0,4,1750,6292,11404,5205,3949,2794,3397,3257,3352,3964,5301,10877,14137,12447,6680,5802,3145,0,0,0,0,0,0,2,654,2351,4320,2014,1509,1098,1348,1262,1316,1548,2035,4081,5280,4669,2525,2232,1213,0
0,0,0,0,0,8,2100,16179,36288,8986,3495,3486,3969,4553,4549,4390,5654,11198,17712,13292,7445,5335,3240,0,0,0,0,0,0,3,784,6071,13396,3408,1354,1374,1552,1763,1765,1722,2188,4216,6554,4981,2792,2063,1271,0
0,0,0,0,0,0,4931,41743,38496,16045,9982,9394,11238,10728,10375,12712,18438,26821,38109,36160,21021,19693,12535,0,0,0,0,0,0,0,1848,15479,14354,6109,3914,3648,4354,4152,4021,4955,7053,10193,14331,13608,8055,7590,4884,0
0,0,0,0,0,0,3176,12671,16853,9067,7367,7314,7442,7615,7698,10075,14955,24221,39322,33059,17716,15706,8511,0,0,0,0,0,0,0,1185,4771,6370,3475,2917,2828,2919,2981,3034,3922,5825,9240,14788,12503,6832,6136,3329,0
0,0,0,0,0,0,1557,9065,16492,7138,6172,5987,5624,6441,7478,8076,11012,14659,28286,25439,15918,13081,10862,0,0,0,0,0,0,0,587,3400,6194,2739,2366,2332,2169,2486,2911,3144,4272,5624,10610,9504,6089,5047,4256,0
0,0,0,0,0,0,1881,21035,28972,15648,12846,12975,12461,11933,14878,17367,23841,35799,43736,43812,28037,22997,15355,0,0,0,0,0,0,0,694,7812,10786,5925,4960,5020,4828,4623,5799,6729,9219,13639,16603,16457,10717,8949,6022,0
0,0,0,0,0,0,626,9526,8356,7051,6988,6938,7799,7446,8458,9647,15066,25264,31178,26394,16234,14222,9733,0,0,0,0,0,0,0,245,3579,3220,2714,2717,2703,3031,2885,3314,3751,5821,9598,11707,9896,6196,5581,3785,0
0,0,0,0,0,0,1362,14933,6568,3147,3132,3725,3484,3612,4106,4908,7057,11027,17812,16867,9278,7022,7817,0,0,0,0,0,0,0,512,5535,2495,1240,1226,1470,1352,1391,1612,1908,2722,4194,6689,6261,3518,2723,3045,0
0,0,0,0,0,0,1448,8977,18797,5249,1813,929,857,913,744,829,849,843,1908,2348,1390,1055,757,0,0,0,0,0,0,0,546,3380,6917,1935,685,348,327,340,279,322,322,329,730,896,536,403,294,0
0,0,0,0,0,0,795,8334,14868,4636,3047,3108,3243,2795,3013,3228,5609,8024,11313,12961,7441,7486,6602,0,0,0,0,0,0,0,289,3105,5510,1760,1164,1222,1262,1080,1174,1254,2196,3091,4277,4884,2857,2908,2574,0
0,0,0,0,0,26,2857,9756,17089,7491,4066,2663,4652,6052,6262,6642,7791,11420,14872,8333,4225,4433,3390,936,0,0,0,0,0,8,1077,3652,6437,2906,1580,1038,1833,2381,2439,2616,3040,4392,5627,3188,1627,1715,1334,381
0,0,0,0,0,0,1074,2759,8647,7268,7026,6872,6571,6450,7351,7587,9313,20477,30445,25668,14900,12755,9805,1074,0,0,0,0,0,0,409,1056,3235,2803,2726,2671,2540,2496,2842,2938,3604,7751,11343,9595,5641,4905,3768,413
0,0,0,0,0,0,2170,7899,9900,6204,4520,4907,5567,4910,5577,6561,8476,15027,27621,19529,12036,11772,8148,1050,0,0,0,0,0,0,812,2943,3727,2387,1772,1890,2155,1925,2174,2561,3264,5729,10296,7310,4585,4533,3144,405
0,0,0,0,0,52,1720,14050,7744,5456,4039,3561,4705,4124,5032,6079,7198,13514,25505,13520,6730,5893,4177,847,0,0,0,0,0,20,666,5310,2952,2083,1557,1354,1793,1579,1944,2337,2742,5093,9425,5054,2552,2283,1611,329
0,0,0,0,0,21,1508,5633,10487,10810,7091,6511,6627,6606,7540,8741,12506,23142,42295,33562,19505,17405,13306,2147,0,0,0,0,0,7,582,2146,4008,4154,2761,2530,2556,2591,2918,3399,4824,8773,15811,12546,7450,6636,5138,830
0,0,0,0,0,32,3204,6521,15721,8674,6342,5782,5484,6602,6965,8462,10866,23496,35379,22284,13087,14498,9653,818,0,0,0,0,0,13,1215,2435,5920,3310,2441,2260,2122,2569,2744,3270,4204,8811,13186,8327,5027,5590,3750,333
0,0,0,0,0,29,1642,7193,34946,17771,7093,7029,7410,7917,7487,9836,12567,20200,37000,23454,14283,14518,9969,1756,0,0,0,0,0,12,616,2726,12973,6726,2745,2749,2856,3076,2889,3807,4819,7622,13728,8775,5471,5608,3883,708
0,0,0,0,0,20,1911,16750,45356,19723,7766,6468,6767,7152,7114,7818,9116,18162,26316,17971,12316,13568,9479,1030,0,0,0,0,0,6,711,6195,16788,7394,2968,2527,2636,2764,2753,3010,3535,6826,9791,6730,4702,5228,3675,398
0,0,0,0,0,91,4319,26086,26546,15314,10366,7114,9204,9930,8857,9594,8997,16151,20390,12787,8763,6692,5044,544,0,0,0,0,0,34,1645,9796,10013,5845,3965,2730,3571,3811,3411,3661,3442,6045,7564,4859,3366,2590,1999,208
0,0,0,0,0,0,1502,6901,24582,13240,5876,5803,6157,5149,5762,6438,8502,16555,25904,15561,10283,9839,7461,309,0,0,0,0,0,0,573,2579,9119,4982,2278,2259,2407,2000,2231,2484,3331,6296,9629,5863,3983,3826,2963,126
0,0,0,0,0,156,4350,23104,1.67e+05,74676,17602,11348,11541,11763,10025,9527,11514,16425,22119,15744,10290,10086,7158,724,0,0,0,0,0,56,1643,8621,61672,27675,6682,4355,4457,4504,3816,3690,4402,6276,8310,5964,3985,3895,2801,279
0,0,0,0,0,0,3293,19279,61802,26439,11556,9539,9901,11313,10957,10216,11484,16139,16790,12766,8675,8047,5348,214,0,0,0,0,0,0,1248,7194,23074,10046,4482,3726,3833,4400,4225,3931,4451,6173,6407,4859,3324,3123,2087,82
0,0,0,0,0,0,1287,9752,33457,13193,6701,6708,7660,7411,7546,9127,10070,17652,22415,17380,12070,11824,7966,489,0,0,0,0,0,0,489,3614,12462,5016,2564,2600,2954,2869,2941,3513,3857,6703,8377,6528,4577,4579,3135,185
0,0,0,0,0,26,2003,9232,16372,11315,6661,6198,7301,7957,7435,8498,10017,15394,20663,14305,10632,9084,6962,341,0,0,0,0,0,10,778,3452,6207,4359,2578,2409,2835,3066,2832,3282,3874,5878,7762,5361,4087,3485,2718,136
0,0,0,0,0,10,3187,10363,27357,17115,11931,10466,11998,12821,13061,13644,17191,29913,46598,34393,20128,18499,13179,1362,0,0,0,0,0,4,1217,3912,10456,6615,4639,4092,4688,4952,5117,5279,6695,11370,17385,12886,7714,7129,5130,527
0,0,0,0,0,0,1997,11136,15905,11367,9129,8678,8610,8481,9639,12288,15843,29456,50514,32155,19296,18036,13295,908,0,0,0,0,0,0,776,4218,6012,4390,3561,3362,3340,3306,3696,4778,6132,11117,18808,12020,7397,6960,5210,363
0,0,0,0,0,59,4519,24979,48658,29939,19080,18564,19039,17436,17747,20325,24503,40988,65323,47352,25311,22670,18965,1798,0,0,0,0,0,23,1709,9347,18172,11355,7467,7239,7463,6815,6947,7924,9595,15760,24617,17815,9714,8812,7393,707
0,0,0,0,0,34,1029,8254,11429,9372,8016,9591,10253,8324,11788,12787,17118,35534,56209,43593,24719,21042,18028,3006,0,0,0,0,0,13,400,3086,4369,3630,3149,3718,3993,3264,4590,4970,6649,13409,20887,16329,9403,8161,6956,1167
0,0,0,0,0,94,1575,5867,8591,10063,11937,11407,12315,11794,12129,15013,17174,29990,46748,35654,20368,15854,11277,1902,0,0,0,0,0,38,588,2244,3325,3917,4636,4458,4812,4643,4773,5869,6637,11389,17474,13356,7749,6129,4390,740
0,0,0,0,0,41,953,4376,7465,3904,3665,3403,4599,3970,4812,5606,7413,14294,26635,18708,11173,9434,7287,1440,0,0,0,0,0,14,371,1617,2847,1510,1435,1340,1788,1545,1875,2177,2855,5471,9893,6991,4263,3632,2856,580
0,0,0,0,0,0,1096,4029,3602,4022,3540,3449,4280,4260,4508,6880,7578,15000,27248,30130,17073,15882,13799,2211,0,0,0,0,0,0,412,1532,1389,1531,1404,1374,1661,1677,1761,2699,2926,5692,10192,11323,6483,6088,5341,868
0,0,0,0,0,325,5260,8044,6832,5132,4261,4199,3881,4520,5052,6258,7747,11494,11448,5855,3969,2479,1616,229,0,0,0,0,0,128,2042,3134,2679,2017,1653,1640,1510,1769,2010,2469,3034,4475,4395,2237,1502,969,631,89
0,0,0,0,0,0,1368,4007,9290,6741,5457,4145,4259,4501,5228,5536,7547,12850,18266,12907,7405,6288,5294,783,0,0,0,0,0,0,523,1523,3568,2567,2133,1598,1670,1756,2019,2170,2940,4923,6848,4857,2815,2432,2072,310
0,0,0,0,0,36,1992,6605,24449,11497,5937,4913,5447,5056,5839,7270,7172,10677,21227,19900,10955,10089,6559,1287,0,0,0,0,0,14,751,2469,9051,4325,2288,1885,2097,1967,2248,2837,2798,4130,7988,7523,4226,3931,2583,508
0,0,0,0,0,0,558,3510,4580,3482,3908,3193,2641,2989,3916,4298,6252,9725,14768,14529,9076,7064,6325,3003,0,0,0,0,0,0,216,1303,1742,1339,1524,1221,1033,1167,1553,1666,2443,3708,5522,5442,3488,2750,2447,1164
0,0,0,0,0,0,3286,13558,22342,16139,13814,11968,11015,13162,12444,14952,20277,24850,40857,56071,30490,25892,18598,8850,0,0,0,0,0,0,1267,5175,8623,6351,5413,4689,4326,5122,4878,5861,7854,9506,15414,20917,11584,9915,7291,3436
0,0,0,0,0,0,997,5850,7512,7595,6876,5345,5693,6664,6710,7382,13730,18032,31439,33385,17922,12640,12369,6126,0,0,0,0,0,0,378,2236,2871,2960,2688,2072,2229,2580,2625,2901,5278,6874,11761,12405,6791,4870,4775,2379
0,0,0,0,0,0,1418,3453,3409,3794,2642,2517,3037,2893,2790,2892,4528,6790,13495,12334,6301,5785,4921,2155,0,0,0,0,0,0,530,1350,1310,1491,1019,984,1183,1140,1077,1109,1723,2597,5068,4632,2418,2242,1879,834
0,0,0,0,0,21,1472,4948,5857,5652,4831,5109,5272,4870,5512,6828,10575,16879,31009,35254,22146,18822,16960,7327,0,0,0,0,0,8,580,1906,2263,2237,1912,2008,2040,1884,2133,2661,4056,6446,11606,13212,8398,7218,6562,2842
0,0,0,0,0,44,2688,12899,21311,17275,16824,16741,15770,17884,17666,21002,29576,44962,85262,84608,43693,32131,25990,10118,0,0,0,0,0,18,1025,4859,8179,6682,6606,6509,6115,6900,6873,8198,11437,17181,31773,31614,16508,12265,10067,3921
0,0,0,0,0,16,562,3179,4840,4255,3772,4092,3635,3618,4735,5156,6113,13323,23936,23772,12804,11045,9098,3771,0,0,0,0,0,6,222,1210,1855,1665,1500,1592,1428,1418,1857,2012,2359,5089,8947,8873,4844,4238,3517,1445
0,0,0,0,0,18,999,3833,3825,3348,2481,3030,3817,3496,4367,4345,6322,12311,21213,18587,12007,10570,8726,1792,0,0,0,0,0,6,388,1479,1443,1280,933,1160,1481,1342,1675,1693,2429,4647,7851,6926,4551,4067,3398,715
0,0,0,0,0,32,934,6032,22152,14992,6037,4807,4640,4758,5713,6703,7987,14358,26700,22748,13624,12264,11153,2032,0,0,0,0,0,14,371,2299,8367,5654,2357,1872,1817,1857,2214,2614,3085,5454,9999,8525,5166,4718,4323,805
0,0,0,0,0,140,3437,11339,16577,11600,8905,8748,8000,9610,9729,12657,16593,31754,47886,40696,23993,20927,19216,3451,0,0,0,0,0,57,1323,4235,6257,4460,3439,3396,3117,3731,3774,4908,6420,12035,17888,15226,9157,8052,7484,1357
0,0,0,0,0,105,971,6035,18670,9835,5580,4355,5090,5192,5861,5459,6806,12857,20910,18790,10317,9899,7889,1400,0,0,0,0,0,42,372,2243,6962,3770,2161,1707,1994,2032,2308,2134,2641,4852,7846,6990,3934,3794,3059,546
0,0,0,0,0,28,4005,15402,25917,19238,13111,10466,11564,11851,12768,16857,20906,44210,70092,52044,33448,28014,24854,3356,0,0,0,0,0,11,1521,5742,9717,7390,5054,4064,4531,4659,4993,6508,8034,16721,25976,19487,12695,10815,9743,1313
0,0,0,0,0,13,3547,12909,21966,17347,13281,14931,17021,16567,18934,23356,32680,61168,92312,57378,32922,33169,27597,2666,0,0,0,0,0,6,1356,4900,8364,6701,5175,5820,6636,6497,7412,9043,12525,23048,34405,21537,12624,12757,10837,1058
0,0,0,0,0,176,5720,18462,32552,27220,18869,14637,16492,17713,19794,20373,26780,49697,71319,47113,29658,26787,23558,2194,0,0,0,0,0,61,2211,6976,12208,10300,7246,5646,6414,6845,7674,7899,10305,18719,26530,17679,11382,10451,9186,847
0,0,0,0,0,307,2985,11517,54940,48821,18805,13196,13263,14109,14616,16528,19347,28226,36513,26932,19834,16855,15060,1631,0,0,0,0,0,112,1132,4348,20408,18247,7221,5131,5168,5477,5639,6385,7429,10682,13763,10181,7634,6583,5872,640
0,0,0,0,0,60,3670,8760,39167,20274,9907,8075,9250,9868,9443,9665,11664,22360,31315,18196,13271,12440,10181,901,0,0,0,0,0,23,1367,3266,14472,7595,3801,3092,3604,3842,3661,3756,4546,8442,11707,6856,5093,4825,3950,355
0,0,0,0,0,78,8949,32702,1.64e+05,1.17e+05,51347,39316,37565,37810,32336,32854,36608,57298,74932,45008,26099,26215,20091,1279,0,0,0,0,0,30,3438,12294,61111,43740,19639,15283,14609,14684,12539,12729,14227,22032,28423,17219,10126,10149,7880,498
0,0,0,0,0,643,8683,36328,1.08e+05,84144,31573,20251,23196,24976,21260,19127,20936,31686,41817,24499,17599,17934,11161,775,0,0,0,0,0,240,3275,13531,40329,31276,11998,7830,8959,9661,8175,7377,8092,12111,15845,9266,6729,6962,4375,305
0,0,0,0,0,60,10457,42264,1.7e+05,1.74e+05,61844,43118,38768,38986,33430,26873,26286,35407,41392,23763,10053,7487,5097,421,0,0,0,0,0,23,3948,15842,63189,64742,23731,16825,15149,15165,13127,10547,10375,13879,15844,9083,3899,2931,1998,174
0,0,0,0,0,61,15344,56914,1.06e+05,80038,37401,20868,22323,26266,19691,15005,14083,19118,26795,13498,8092,7093,5578,394,0,0,0,0,0,23,5803,21287,39209,29933,14186,8067,8557,10094,7594,5760,5471,7376,10243,5216,3130,2779,2173,160
0,0,0,0,0,95,25925,78660,1.49e+05,1.03e+05,42962,25088,27048,35934,28525,25223,20666,28130,33090,19751,13128,12118,7851,699,0,0,0,0,0,37,9759,29533,55568,38409,16299,9689,10352,13686,10915,9683,7948,10743,12505,7503,5062,4734,3079,284
0,0,0,0,0,322,16475,40764,30613,25987,15401,9835,12619,15272,11200,9390,7723,11195,12786,8103,5584,4673,3053,182,0,0,0,0,0,116,6129,15190,11436,9809,5873,3760,4719,5684,4232,3602,2972,4235,4819,3080,2137,1782,1189,69
0,0,0,0,0,332,4423,18330,1.09e+05,61700,20432,14422,13527,16149,14369,13856,15719,22755,33027,20366,11312,10661,7521,521,0,0,0,0,0,133,1735,6969,40502,22974,7803,5577,5226,6235,5579,5412,6099,8705,12469,7709,4359,4144,2927,209
0,0,0,0,0,263,798,2589,20746,10832,3104,1442,1667,1834,1853,1989,3764,5185,7457,4462,2266,1830,1638,88,0,0,0,0,0,96,305,960,7665,4025,1196,570,646,703,729,783,1468,1981,2793,1663,883,707,638,33
0,0,0,0,0,52,3947,9393,14635,11885,9642,8905,9254,10792,9718,12502,19265,33252,55742,36490,22415,22213,17328,929,0,0,0,0,0,22,1489,3558,5501,4576,3735,3462,3621,4225,3828,4868,7399,12585,20691,13667,8620,8580,6680,366
0,0,0,0,0,42,2319,6027,15918,10732,8425,7062,7774,9248,9354,10228,11911,23177,33742,20588,15133,14693,9331,637,0,0,0,0,0,17,890,2275,5955,4110,3259,2738,3005,3612,3657,4003,4619,8727,12620,7787,5777,5623,3643,257
0,0,0,0,0,0,2236,10545,34111,20942,10170,9314,11612,11931,11890,15170,22007,42126,70810,51856,33900,32990,25289,2886,0,0,0,0,0,0,845,3997,12743,7934,3965,3621,4470,4647,4671,5918,8483,15915,26353,19449,12855,12725,9868,1148
0,0,0,0,0,91,2519,10998,24697,18459,14127,12396,13220,14143,14215,15931,20556,44518,75105,51501,31300,30166,21244,2104,0,0,0,0,0,37,951,4189,9464,7236,5549,4893,5150,5546,5573,6234,7963,16812,27909,19259,11942,11628,8270,843
0,0,0,0,0,64,5457,22511,21767,17642,12865,11380,13023,14080,15318,17305,21257,40456,68822,51790,32535,34070,24310,3947,0,0,0,0,0,25,2080,8471,8180,6776,4970,4428,5019,5455,5931,6699,8270,15347,25711,19412,12403,13148,9467,1557
0,0,0,0,0,9,3170,16376,27665,16629,7208,5733,6032,6092,5920,5644,6518,9072,12110,9669,4888,3303,2451,423,0,0,0,0,0,4,1172,6025,10265,6277,2805,2256,2334,2367,2338,2218,2554,3481,4600,3687,1913,1274,966,181
0,0,0,0,0,0,3469,16708,76403,65923,27112,17803,16349,15202,12242,10157,9016,11506,13267,9228,3800,2449,1855,329,0,0,0,0,0,0,1325,6419,28670,25022,10642,7036,6440,5950,4797,3972,3515,4515,5148,3579,1458,944,732,129
0,0,0,0,0,47,8073,31781,37234,32653,31461,27560,25998,29429,33490,40397,52346,83539,1.43e+05,1.38e+05,72565,67325,61897,17907,0,0,0,0,0,20,3092,12020,14252,12723,12357,10728,10082,11412,13150,15660,20253,31960,53729,51780,27644,26022,24199,6938
0,0,0,0,0,18,1009,13397,26443,14927,5719,6417,6028,7064,7797,9509,12226,23367,43075,43745,24735,22801,17100,3815,0,0,0,0,0,7,380,4973,9863,5681,2212,2467,2381,2693,3059,3663,4669,8781,15996,16242,9332,8824,6630,1502
0,0,0,0,0,21,5659,31187,41639,16961,12730,10911,11619,12216,14015,15109,21587,36622,63729,51018,25297,21127,16132,3968,0,0,0,0,0,8,2095,11638,15483,6513,4923,4248,4467,4758,5469,5866,8341,13893,23899,19036,9674,8236,6300,1534
0,0,0,0,0,53,2309,12788,41085,30817,10541,9881,9940,10671,8806,11680,13714,22959,38425,31288,15960,12648,10806,2279,0,0,0,0,0,21,890,4796,15314,11541,4113,3831,3846,4104,3440,4532,5331,8798,14490,11846,6075,4855,4189,890
0,0,0,0,0,74,3406,8307,14165,10475,11400,10502,13187,11812,14047,16306,25504,49882,87131,68605,38530,40959,31739,7865,0,0,0,0,0,28,1314,3177,5416,4063,4458,4061,5128,4593,5502,6307,9845,18880,32437,25677,14720,15789,12380,3030
0,0,0,0,0,106,2032,6933,9007,5487,3707,4734,4795,4918,4654,5816,9125,16586,24038,19250,11497,12107,13870,2137,0,0,0,0,0,36,768,2616,3406,2115,1415,1848,1842,1896,1834,2248,3536,6297,9035,7226,4428,4704,5404,841
0,0,0,0,0,153,2710,9593,25893,15150,12544,11901,13451,14198,14322,18398,25666,50369,87469,61590,39773,35849,33501,3341,0,0,0,0,0,59,1025,3657,9679,5850,4879,4647,5222,5553,5604,7155,9894,19045,32557,22960,15180,13781,13082,1307
0,0,0,0,0,290,6553,17335,20790,17522,16513,17410,16615,16110,18521,23724,31609,61432,81683,53732,37302,35197,25526,2312,0,0,0,0,0,113,2508,6548,7901,6842,6432,6747,6490,6255,7223,9247,12224,23188,30477,20190,14365,13622,10067,905
0,0,0,0,0,175,6760,18854,44663,35147,29073,26591,25205,25513,26740,29718,38081,67788,93761,60098,33027,31667,24052,2150,0,0,0,0,0,73,2580,7184,17160,13695,11559,10493,9885,10047,10518,11691,14897,25972,35260,22771,12700,12284,9443,850
0,0,0,0,0,38,2519,10043,24367,35530,33236,25015,22768,26683,21804,18486,16520,23813,28258,14746,4206,2064,904,47,0,0,0,0,0,13,954,3901,9720,14370,13669,10230,9280,10884,8932,7612,6807,9710,11698,6032,1675,826,369,18
0,0,0,0,0,563,23906,75180,87250,70655,36129,24528,34783,39365,34770,29162,27258,39922,50589,32085,27553,26990,20699,1372,0,0,0,0,0,215,9008,28080,32738,26560,13795,9487,13318,15102,13363,11241,10557,15165,19047,12196,10654,10517,8089,527
0,0,0,0,0,68,14414,56798,1.1e+05,68425,39943,34814,37251,37799,35463,35458,37950,61309,69361,40589,30625,31795,27351,1468,0,0,0,0,0,25,5502,21518,41001,25956,15419,13533,14420,14631,13793,13753,14672,23263,26142,15505,11881,12321,10745,595
0,0,0,0,0,89,9394,31465,81571,66128,38198,28134,27074,29954,26391,25885,27610,40743,46498,29298,24221,24146,28995,851,0,0,0,0,0,34,3617,11843,30499,24854,14618,10905,10534,11604,10223,10063,10813,15613,17601,11157,9357,9419,11280,327
0,0,0,0,0,13,12561,47041,1.84e+05,1.19e+05,52089,41360,38893,36676,30195,25455,32244,49146,55737,26560,13283,9901,9214,476,0,0,0,0,0,5,4826,17748,68156,44508,20025,16177,15228,14352,11780,9971,12638,19297,21583,10360,5205,3876,3571,197
0,0,0,0,20,867,49998,99498,3.79e+05,2.8e+05,1.61e+05,1.4e+05,1.28e+05,1.33e+05,1.17e+05,1.06e+05,1.13e+05,1.45e+05,1.57e+05,86182,39899,22914,16050,3390,0,0,0,0,8,329,19578,37556,1.42e+05,1.06e+05,62834,55335,50294,52373,46194,41762,44754,57339,60739,33658,15702,8963,6304,1359
0,0,0,0,0,8,4589,22242,82701,59703,46675,40957,35659,35853,34567,32642,33912,47058,54207,29606,17308,12876,9353,892,0,0,0,0,0,2,1757,8281,30611,22616,18172,16143,14036,14227,13719,13006,13384,18356,20771,11414,6746,5013,3641,365
0,0,0,0,0,205,5866,23588,35053,20320,12158,11478,13641,14258,13684,16099,20700,35699,45674,30317,24565,27032,19983,2209,0,0,0,0,0,83,2254,8843,13071,7686,4684,4508,5288,5558,5352,6264,7970,13558,17172,11542,9476,10474,7790,872
0,0,0,0,0,199,5019,18432,60238,35412,21714,16615,18248,21280,20959,22091,24312,43357,59989,38248,30281,32067,22521,1878,0,0,0,0,0,76,1929,6954,22548,13397,8378,6400,7078,8273,8160,8537,9397,16433,22419,14442,11688,12402,8823,739
0,0,0,0,0,317,5154,23173,88784,64361,52428,51134,53154,46104,43423,48602,61268,1.03e+05,1.24e+05,70216,35721,28452,21069,3480,0,0,0,0,0,125,1960,8777,33184,24392,20492,20083,20801,18149,17169,19255,24104,39673,47403,26982,13812,11144,8250,1402
0,0,0,0,0,1,2034,13555,32895,17003,12917,13719,15839,15953,16068,19114,25108,45699,66870,43892,31478,30463,21938,2966,0,0,0,0,0,0,766,5098,12393,6478,4963,5281,6128,6232,6279,7408,9722,17320,24834,16510,12097,11840,8596,1175
0,0,0,0,0,299,2353,15978,61449,37003,18523,13992,17347,17217,15930,17425,20710,33180,47142,31480,21111,22100,13261,2201,0,0,0,0,0,110,879,6002,23027,13947,7150,5402,6752,6664,6229,6758,7984,12684,17665,11927,8151,8596,5191,866
0,0,0,0,0,30,2397,9294,24701,18452,10859,11560,12670,11075,13130,13324,16763,29051,40448,26734,18296,19575,14247,1911,0,0,0,0,0,12,914,3511,9324,7004,4183,4506,4870,4287,5153,5227,6488,11003,15138,10095,7038,7668,5562,753
0,0,0,0,0,832,11544,49132,54508,48108,30389,21718,25002,27192,25179,26667,26043,38328,53589,31145,19647,18101,12563,2606,0,0,0,0,0,321,4327,18501,20542,18291,11717,8389,9610,10413,9709,10356,10133,14593,20242,11848,7608,7059,4965,1010
0,0,0,0,0,175,2914,14742,23064,17024,13422,11916,15371,12783,14347,18697,22053,35192,54005,38629,27357,24673,19262,3567,0,0,0,0,0,69,1127,5512,8724,6568,5219,4638,5988,4943,5593,7227,8533,13383,20129,14543,10495,9631,7551,1387
0,0,0,0,0,0,1955,9773,17963,12334,10500,11687,11617,12986,12881,17212,23435,37751,61810,40397,27427,27741,20313,3965,0,0,0,0,0,0,755,3669,6761,4776,4070,4522,4518,5051,5037,6695,9060,14294,22950,15238,10566,10830,7968,1553
0,0,0,0,0,0,1086,3682,17331,11926,6941,5562,7058,6508,6441,7841,9405,16521,23980,17581,9609,9727,7415,1389,0,0,0,0,0,0,406,1385,6468,4547,2670,2173,2729,2541,2505,3065,3681,6294,8958,6621,3688,3762,2893,547
0,0,0,0,0,19,2456,16045,22404,15121,11073,9315,11210,10182,10248,11607,13107,22491,29500,19842,12727,11744,11654,2241,0,0,0,0,0,7,919,6004,8442,5764,4240,3600,4283,3928,3927,4482,5050,8519,11012,7439,4893,4489,4608,877
0,0,0,0,0,0,1660,5966,10799,10228,9543,10293,9391,10291,11409,13701,19224,32237,50078,38693,21065,19786,19636,4816,0,0,0,0,0,0,637,2272,4158,3952,3737,4028,3657,4016,4470,5271,7439,12187,18681,14380,8079,7661,7732,1870
0,0,0,0,0,0,1324,9986,12181,10221,9146,8999,9917,9851,11316,14358,21065,39682,59548,41372,25765,22338,23936,5770,0,0,0,0,0,0,511,3764,4598,3954,3527,3481,3870,3828,4419,5509,8119,14956,22166,15523,9939,8666,9382,2259
0,0,0,0,0,0,1480,8979,11468,5535,5028,4180,2704,2726,2989,4103,3289,5024,6410,4736,3647,1715,1657,567,0,0,0,0,0,0,577,3424,4361,2152,2005,1639,1060,1064,1179,1611,1292,1946,2471,1831,1426,657,647,217
0,0,0,0,0,8,1468,6721,9774,7430,8893,7980,7854,6876,7419,7885,9351,12961,20105,15036,8404,6875,4988,1768,0,0,0,0,0,4,563,2541,3770,2864,3483,3140,3040,2686,2921,3071,3651,4982,7624,5739,3214,2650,1969,697
0,0,0,0,0,0,2089,14530,18680,11609,11721,11220,10738,11567,11747,12139,14023,26567,39907,33905,22002,15368,12310,3957,0,0,0,0,0,0,798,5450,7098,4482,4555,4357,4181,4501,4567,4702,5447,10146,15017,12761,8387,5917,4793,1529
0,0,0,0,0,11,1897,18364,20228,13497,12907,12309,10748,12067,11830,12313,15538,22638,34298,28912,18987,14203,10468,2871,0,0,0,0,0,4,713,6889,7722,5172,5067,4851,4168,4687,4601,4817,6066,8652,12943,10854,7242,5482,4093,1121
0,0,0,0,0,11,3470,21234,37021,23110,20525,21425,21754,21645,22548,24537,27999,49256,92611,93271,52968,37021,26142,7122,0,0,0,0,0,4,1319,8076,14084,8998,8087,8455,8522,8467,8780,9559,10910,18826,34777,34755,19986,14182,10206,2758
0,0,0,0,0,18,1617,11021,13495,10137,8270,6570,6007,5753,5838,7029,9389,14521,31522,35785,18944,16229,10179,2996,0,0,0,0,0,7,617,4189,5131,3917,3264,2600,2332,2251,2296,2753,3688,5559,11859,13323,7205,6214,3960,1152
0,0,0,0,0,16,3528,16138,34698,47647,40208,28097,21169,20677,20201,24204,29639,48492,95833,97511,54017,49045,32040,7976,0,0,0,0,0,6,1346,6147,13533,19043,15889,11112,8317,8154,7965,9625,11605,18474,35989,36348,20455,18600,12315,3084
0,0,0,0,0,30,2756,18337,29325,20633,18713,20775,19913,21516,21457,27883,37286,72352,1.48e+05,1.35e+05,79554,63977,46099,9206,0,0,0,0,0,11,1050,6994,11174,8059,7320,8171,7796,8428,8443,10858,14496,27522,55391,50467,30046,24430,17846,3583
0,0,0,0,0,0,6442,37979,63762,34204,27349,27679,26055,28006,31685,35821,51403,91812,1.86e+05,1.63e+05,90205,76288,53694,7795,0,0,0,0,0,0,2457,14214,23959,13172,10612,10791,10152,10916,12277,13940,19910,34785,69702,60926,34375,29295,20888,3039
0,0,0,0,0,0,1647,16312,31022,11332,5403,4868,5038,5565,5082,5851,6617,11615,23096,19327,10698,9746,8931,752,0,0,0,0,0,0,625,6064,11567,4255,2092,1885,1922,2128,1992,2247,2566,4437,8627,7225,4063,3756,3493,289
0,0,0,0,0,0,15205,56696,77573,55368,44006,42333,42984,39465,41657,43358,55214,89499,1.27e+05,96041,54861,48399,35481,3220,0,0,0,0,0,0,5771,21389,29428,21443,17293,16567,16794,15474,16344,16975,21464,34295,47899,36376,21108,18671,13741,1289
0,0,0,0,0,0,3457,15828,18152,12490,8967,7807,8089,8198,8993,9727,12308,20541,26486,19154,13296,15113,11248,653,0,0,0,0,0,0,1332,5984,6977,4791,3465,3012,3165,3185,3541,3782,4718,7809,9981,7229,5088,5836,4340,253
0,0,0,0,0,64,5009,44238,1.7e+05,1.06e+05,24974,16268,17361,16981,15962,16889,19741,35400,41448,29494,20252,18267,14104,617,0,0,0,0,0,24,1874,16374,62813,39279,9484,6346,6749,6580,6158,6556,7594,13439,15553,11141,7747,7081,5493,252
0,0,0,0,0,34,9885,99086,4.07e+05,2.26e+05,44532,20803,21949,24716,18953,15319,15797,21198,26167,19461,13405,10360,7274,199,0,0,0,0,0,10,3755,36766,1.5e+05,83233,16912,7918,8359,9363,7278,5863,6029,8012,9878,7359,5180,4034,2852,80
0,0,0,0,0,90,12217,65940,1.85e+05,1.08e+05,35375,22587,24952,25761,23294,21561,23733,38496,54846,40314,22932,24999,18403,770,0,0,0,0,0,36,4613,24650,68784,40197,13544,8734,9587,9976,8963,8344,9115,14660,20604,15227,8833,9661,7145,306
0,0,0,0,0,30,6249,28394,1.53e+05,1.06e+05,37361,27685,30801,28444,23890,23610,21026,29901,38476,23541,12409,10014,6309,129,0,0,0,0,0,12,2359,10683,57388,39870,14392,10678,11894,11065,9259,9132,8167,11393,14578,9013,4785,3886,2479,50
0,0,0,0,0,129,13382,57370,1.73e+05,1.29e+05,55442,43245,43989,47802,34866,30600,32071,46251,58138,33338,17512,13970,9664,709,0,0,0,0,0,48,5048,21623,64686,48740,21440,17084,17117,18653,13639,12031,12651,17973,22140,12711,6741,5436,3785,288
0,0,0,0,0,79,6395,26673,1e+05,68657,32680,22441,24712,26366,23355,22471,24660,40999,45445,28797,21080,19307,12587,765,0,0,0,0,0,31,2438,10028,37258,25718,12468,8696,9583,10200,9092,8722,9522,15581,17056,10879,8179,7459,4908,298
0,0,0,0,0,121,19267,61878,1.53e+05,1.21e+05,86976,78295,69417,63006,56432,53172,59030,85903,95617,48510,21949,16036,8969,19,0,0,0,0,0,50,7280,23154,57064,45782,33712,30866,27150,24618,22065,20885,23238,33530,36780,18738,8603,6263,3537,8
0,0,0,0,0,161,4560,16830,61250,49040,18807,14335,15227,16171,15596,15573,16114,26365,35097,23462,17048,13625,11246,0,0,0,0,0,0,60,1741,6351,22781,18257,7178,5561,5882,6249,6027,6012,6230,10021,13211,8934,6579,5330,4382,0
0,0,0,0,0,130,5622,22872,68404,37795,18874,16356,17372,18257,16195,17158,23200,36119,46342,28713,22398,21726,17879,761,0,0,0,0,0,46,2157,8559,25419,14120,7179,6281,6683,7071,6312,6628,8952,13718,17380,10918,8730,8433,7004,297
0,0,0,0,0,45,6866,50507,2.48e+05,1.49e+05,48376,42354,43540,39815,31258,30954,32631,50135,55926,30438,15778,13231,9437,356,0,0,0,0,0,16,2617,18979,91922,56005,18709,16490,16947,15456,12169,12023,12732,19415,21320,11627,6156,5113,3664,151
0,0,0,0,0,0,8438,27579,1.01e+05,57769,24938,14599,15880,19888,17738,18102,19021,36852,50062,31891,18998,16961,11101,1179,0,0,0,0,0,0,3230,10308,37354,21559,9515,5606,6102,7548,6778,6972,7287,13904,18652,11906,7286,6553,4301,472
0,0,0,0,19,0,969,1927,7070,5811,5346,6712,5755,6589,8007,9554,14822,24571,45434,31804,17826,15373,12649,0,0,0,0,0,8,0,367,736,2658,2231,2070,2563,2227,2549,3135,3727,5746,9312,16862,11922,6807,5941,4972,0
0,0,0,0,0,0,1730,2857,10298,4894,2294,2115,2394,2521,2427,2238,2955,4817,9149,5392,2759,2319,1942,0,0,0,0,0,0,0,653,1086,3836,1812,878,817,931,981,944,859,1142,1844,3428,2017,1065,881,766,0
0,0,0,0,0,2,2006,9433,47615,22836,15444,14031,14416,13931,12281,16178,18565,37214,54355,32694,20491,14276,13941,0,0,0,0,0,0,0,758,3562,17722,8640,5875,5440,5586,5423,4776,6241,7173,14164,20449,12351,7837,5483,5447,0
0,0,0,0,0,32,4600,18351,36227,9285,6068,5577,6737,5647,4834,4340,4198,5642,6524,4006,3538,2958,1578,0,0,0,0,0,0,11,1743,6917,13391,3521,2349,2151,2576,2147,1838,1662,1640,2180,2458,1540,1361,1153,608,0
0,0,0,0,0,3,2030,9980,18356,17096,16367,11767,10056,10528,10149,10097,11373,16477,25540,16617,10984,11826,8149,0,0,0,0,0,0,2,777,3762,6970,6622,6362,4605,3926,4088,3953,3935,4422,6289,9572,6246,4226,4640,3183,0
0,0,0,0,0,42,2341,10018,29165,17243,8194,7027,6630,8375,7797,8943,10204,17059,23289,13788,10068,9714,6394,0,0,0,0,0,0,18,875,3727,10835,6482,3182,2721,2601,3272,3053,3448,3932,6484,8757,5247,3868,3775,2544,0
0,0,0,0,0,6,3201,20054,44230,26211,13501,12989,13795,14636,12489,13231,17446,27738,36146,21871,14114,12327,8365,0,0,0,0,0,0,2,1239,7547,16546,10014,5202,5011,5347,5744,4874,5124,6745,10632,13549,8302,5439,4748,3293,0
0,0,0,0,0,0,3568,26818,1.4e+05,62426,19124,13014,14096,14033,12179,11242,11113,16420,18424,9571,5457,5528,3297,0,0,0,0,0,0,0,1357,9888,51377,23315,7242,5031,5459,5374,4715,4347,4271,6316,6990,3662,2102,2134,1291,0
0,0,0,0,0,10,2710,20387,63289,28474,10483,8525,10234,11398,10345,11021,12466,21963,28302,18104,12934,12323,7402,0,0,0,0,0,0,4,1013,7594,23395,10586,4003,3312,3987,4355,3985,4242,4818,8363,10604,6855,4948,4826,2872,0
0,0,0,0,0,45,6805,26553,64608,51406,21396,14629,14994,16151,13719,14062,15345,22357,30617,18067,12644,9641,7010,0,0,0,0,0,0,17,2542,9960,23924,19145,8143,5644,5733,6172,5249,5426,5897,8498,11481,6818,4862,3730,2735,0
0,0,0,0,0,55,7161,36908,1.06e+05,84751,30631,22145,24932,27023,24183,24033,27715,39128,48628,30095,20614,19895,13346,343,0,0,0,0,0,20,2723,13843,39515,31679,11749,8609,9781,10570,9428,9337,10768,14931,18290,11398,7945,7709,5257,135
0,0,0,0,0,8,3225,17287,45477,32792,19808,14812,15610,20691,16201,14186,12355,14226,19423,10451,5031,5586,2745,0,0,0,0,0,0,2,1228,6498,17141,12541,7743,5787,6117,8137,6385,5577,4804,5473,7374,4015,1964,2166,1087,0
0,0,0,0,0,362,12783,37817,1.13e+05,1.19e+05,52601,40819,40383,41925,36872,33538,34957,47581,62200,32709,19780,15214,8794,489,0,0,0,0,0,141,4860,14269,42089,44435,20192,15903,15780,16403,14458,13154,13774,18468,23813,12574,7648,5956,3441,192
0,0,0,0,0,171,6401,18006,63626,71120,37797,29775,29294,31749,30202,27910,28088,36977,49918,27548,14699,11633,7394,0,0,0,0,0,0,67,2444,6783,23596,26652,14561,11670,11480,12506,11871,10979,11069,14458,19157,10629,5747,4534,2895,0
0,0,0,0,0,125,9389,33717,1.44e+05,92362,64396,48319,41281,43257,45768,41227,36395,38613,39376,23199,12855,10586,6602,0,0,0,0,0,0,49,3664,12844,53635,35107,25040,18960,16192,16906,17966,16235,14352,15102,15193,8997,5029,4124,2565,0
0,0,0,0,0,286,14157,52741,1.66e+05,1.17e+05,49944,41382,42709,44944,39711,38284,41366,55056,64539,54373,33561,17931,13189,1055,0,0,0,0,0,111,5332,19683,61538,43812,19174,16078,16568,17466,15536,15063,16403,21645,25246,21474,13356,7114,5175,417
0,0,0,0,0,263,14011,32598,95728,54600,39424,34228,31094,35050,32830,24357,18550,15181,12599,7858,6466,5652,4495,232,0,0,0,0,0,105,5375,12326,35735,20764,15336,13264,12200,13708,12794,9549,7206,5896,4818,3035,2495,2193,1735,91
0,0,0,0,0,100,5390,26838,1.39e+05,65665,24342,16482,16424,19388,16461,16162,17390,25291,28438,16422,10917,11519,6307,0,0,0,0,0,0,36,2025,9985,50814,24548,9298,6341,6304,7452,6375,6223,6718,9603,10706,6283,4231,4472,2461,0
0,0,0,0,0,927,3131,19853,72963,34132,15329,10588,12561,12677,12597,13058,14879,25827,34976,19357,12861,13763,12120,0,0,0,0,0,0,362,1189,7382,26907,12781,5837,4085,4846,4906,4852,5030,5715,9788,13122,7331,4979,5358,4736,0
0,0,0,0,0,0,2013,7398,28846,19599,10770,10075,10502,11285,11801,14804,16831,28684,43364,25211,17899,17651,11908,0,0,0,0,0,0,0,774,2769,10767,7343,4123,3887,4024,4366,4545,5679,6493,10839,16175,9550,6905,6885,4643,0
0,0,0,0,0,12,1774,15653,45574,28878,15054,11572,12294,15218,14497,13878,17875,29300,37310,25311,18211,21565,11861,0,0,0,0,0,0,4,688,5852,16874,10816,5808,4481,4737,5879,5681,5421,6970,11112,14036,9545,7045,8389,4638,0
0,0,0,0,0,16,1655,10532,43137,22507,11145,11035,13298,12410,11643,13013,15584,28643,44103,31919,21625,20268,14531,0,0,0,0,0,0,6,622,3916,15990,8468,4246,4271,5139,4789,4495,5081,6032,10853,16427,11975,8314,7789,5669,0
0,0,0,0,0,19,2422,15736,58413,44152,30330,29905,29515,28111,26106,25636,31520,49640,61322,34869,17943,14152,10206,0,0,0,0,0,0,8,947,5941,21887,16844,11842,11758,11627,11044,10232,10091,12378,19126,23358,13283,6908,5495,3990,0
0,0,0,0,0,14,2865,17227,59840,67980,31155,25635,26027,24755,24519,24498,29047,49191,73406,47226,22857,20948,14135,0,0,0,0,0,0,6,1073,6537,22310,25448,12024,9978,10106,9714,9615,9681,11372,18959,27802,17797,8755,8067,5534,0
0,0,0,0,0,0,1453,3613,16077,15434,4589,3251,3238,3418,3210,2897,3658,6415,13187,7789,4868,4783,3287,52,0,0,0,0,0,0,551,1370,5963,5714,1707,1233,1241,1307,1227,1116,1391,2417,4901,2914,1841,1850,1285,19
0,0,0,0,0,0,932,2429,6442,4172,2617,2019,2106,2464,2346,2938,4021,7909,13891,7384,4078,3635,2297,41,0,0,0,0,0,0,354,920,2427,1581,1009,777,816,950,931,1141,1546,2962,5133,2759,1560,1427,901,17
0,0,0,0,19,0,1625,4499,17758,9007,5586,4757,6013,6340,6958,8838,11538,20814,33363,22568,13464,13794,6725,113,0,0,0,0,8,0,627,1705,6660,3408,2149,1841,2317,2453,2689,3413,4453,7822,12370,8482,5136,5336,2626,46
0,0,0,0,0,0,17,9368,11210,12366,11704,9994,8667,8072,7797,8589,11436,18605,30847,30316,22708,14045,8698,3421,0,0,0,0,0,0,6,3568,4340,4903,4663,3964,3430,3179,3049,3408,4526,7172,11696,11490,8622,5396,3421,1324
0,0,0,0,0,0,76,3525,5939,4834,5370,5108,3853,3630,4046,4453,5703,8064,14427,16083,9387,6361,4713,2090,0,0,0,0,0,0,30,1351,2264,1889,2144,2045,1528,1433,1594,1792,2256,3083,5441,6092,3545,2448,1824,820
0,0,0,0,0,0,768,4590,10713,7924,6857,5856,6629,6264,5856,7168,8661,15355,24718,26196,16797,13092,10102,3287,0,0,0,0,0,0,296,1751,4059,3085,2703,2327,2608,2473,2317,2796,3364,5893,9417,9865,6401,5008,3947,1255
0,0,0,0,0,20,3773,14509,24062,15377,14743,15766,13238,12723,13395,15075,18783,25416,34226,32938,15689,12911,7412,4350,0,0,0,0,0,8,1440,5461,9126,5928,5802,6215,5191,5014,5271,5907,7329,9782,13095,12503,6037,4998,2944,1685
0,0,0,0,0,22,1322,12796,15697,6973,3520,3700,2926,3208,3274,4201,4448,5782,9018,10735,6337,5069,2766,1274,0,0,0,0,0,8,502,4739,5821,2631,1390,1430,1140,1237,1264,1610,1732,2203,3399,4019,2438,1944,1103,486
0,0,0,0,0,5,783,6343,8405,4369,2944,2794,2176,2577,2947,2734,3115,4444,9108,9927,5753,4396,3207,1356,0,0,0,0,0,2,294,2356,3116,1684,1173,1115,848,988,1178,1064,1204,1734,3424,3744,2228,1705,1246,519
0,0,0,0,0,16,2698,9190,6940,4445,3411,4067,3148,3322,3251,3332,3207,6116,4383,4103,3309,2187,2076,770,0,0,0,0,0,6,1026,3512,2638,1748,1335,1589,1231,1280,1270,1308,1259,2370,1682,1577,1285,854,810,289
19,0,0,0,0,0,4127,27353,38684,23204,18937,16766,17404,16577,17849,20741,25454,38085,43297,50465,25346,20156,13641,5132,7,0,0,0,0,0,1582,10271,14591,9019,7384,6536,6721,6414,6939,8018,9938,14608,16489,19130,9752,7857,5392,1999
0,0,0,0,0,4,3217,17654,19015,13129,8783,8254,8527,8557,9131,10555,13491,23660,39988,35748,21682,16554,12672,6632,0,0,0,0,0,2,1213,6661,7206,5054,3421,3249,3302,3309,3597,4140,5262,9020,15037,13373,8230,6346,4972,2569
0,0,0,0,0,42,1782,9050,15718,9294,7682,6642,6692,7704,8043,8002,10171,19176,29705,31835,18214,13784,10510,2641,0,0,0,0,0,13,687,3389,5973,3613,3016,2610,2595,3004,3131,3137,3994,7299,11118,11840,6906,5306,4075,1024
0,0,0,0,0,90,4404,23815,33123,14602,11770,10440,11023,12110,11947,12770,16853,30060,47186,46216,27992,20038,14758,4188,0,0,0,0,0,34,1677,8896,12530,5658,4613,4100,4297,4705,4709,4971,6541,11470,17643,17283,10641,7737,5721,1622
0,0,0,0,0,49,4232,12584,16005,11442,9840,9490,9175,8564,9915,10417,13813,21978,36572,34235,18480,17301,14734,4106,0,0,0,0,0,20,1593,4753,6082,4444,3854,3745,3594,3341,3899,4083,5350,8482,13715,12856,7081,6609,5780,1578
0,0,0,0,0,198,6245,35610,51236,35704,32862,28324,26075,27499,27465,31824,42267,72038,1.19e+05,1.11e+05,54096,47031,34947,7594,0,0,0,0,0,75,2355,13383,19371,13780,12788,11109,10148,10728,10693,12385,16338,27384,44504,41704,20547,18100,13683,2942
0,0,0,0,0,342,3223,12545,19706,14364,13058,13683,13401,13103,14853,19977,24919,48137,75480,60090,34081,32444,26766,4256,0,0,0,0,0,134,1216,4737,7527,5634,5135,5328,5252,5087,5781,7849,9692,18198,28149,22529,13101,12594,10474,1653
0,0,0,0,0,0,1168,6672,9013,2466,1949,1949,1798,2379,2487,2031,3052,4667,5799,5115,4112,3294,4224,359,0,0,0,0,0,0,436,2477,3396,949,756,752,691,905,962,752,1168,1799,2193,1939,1555,1278,1659,140
0,0,0,0,0,0,2880,21659,59591,25567,11306,9252,9740,10098,9988,11655,12779,21035,31657,21689,15272,12134,8893,1162,0,0,0,0,0,0,1091,8062,22310,9701,4392,3568,3792,3948,3908,4510,4919,8076,11843,8190,5878,4678,3480,465
0,0,0,0,0,0,3976,11842,28181,16091,12362,11880,13253,13036,15092,18085,26383,55109,71347,50430,30660,27350,21115,2331,0,0,0,0,0,0,1529,4493,10636,6140,4804,4638,5119,5067,5885,7000,10137,20669,26548,18939,11800,10632,8266,902
0,0,0,0,0,0,3709,8526,20274,11621,7947,7732,6585,7197,7277,7865,10582,19985,25696,16260,10206,9684,9389,675,0,0,0,0,0,0,1409,3214,7699,4452,3087,3009,2513,2779,2821,3054,4083,7610,9578,6111,3927,3748,3632,267
0,0,0,0,0,0,6255,26062,40470,26939,15175,12430,14640,14402,14272,15668,19800,34120,50186,32347,21108,20830,17277,754,0,0,0,0,0,0,2363,9774,15224,10154,5841,4815,5637,5583,5543,6026,7584,12870,18727,12136,8142,8099,6772,307
0,0,0,0,0,47,5274,21077,84215,49211,21412,16678,21565,20990,17065,18055,22411,33512,39515,25468,15432,14017,11656,1590,0,0,0,0,0,17,2007,7927,31387,18549,8249,6458,8362,8069,6594,6960,8640,12700,14897,9579,5941,5389,4575,627
0,0,0,0,0,18,4482,20517,56127,41741,18455,12414,13939,13926,12581,15499,18296,31607,41568,25848,16578,16053,12081,546,0,0,0,0,0,8,1704,7685,20825,15647,7052,4790,5393,5415,4917,6029,7034,11894,15511,9754,6382,6224,4718,207
0,0,0,0,0,125,8911,31813,1.26e+05,55649,21187,14637,16971,15918,14860,15152,15557,26674,35118,20414,14592,13529,8452,755,0,0,0,0,0,49,3384,11877,46786,20872,8127,5659,6597,6138,5837,5841,5979,10035,13191,7722,5657,5253,3348,295
0,0,0,0,0,41,4402,20313,54503,34271,13413,9173,10263,10303,10779,10302,11896,19660,27026,15398,10283,9165,6442,175,0,0,0,0,0,17,1673,7635,20367,12885,5161,3593,3987,4037,4205,4021,4625,7488,10128,5807,3991,3589,2537,75
0,0,0,0,0,80,7447,30392,77692,29134,14766,11216,12072,11300,10476,10954,12647,22770,23509,13351,11167,11369,8022,75,0,0,0,0,0,30,2828,11358,28819,11054,5757,4400,4691,4391,4096,4274,4899,8656,8840,5093,4304,4403,3150,29
0,0,0,0,0,164,653,4605,26208,14056,5211,2294,2543,3271,2540,2531,2995,3994,5329,3242,2139,2362,1695,50,0,0,0,0,0,62,250,1730,9696,5222,1931,896,979,1255,956,968,1124,1518,1990,1228,826,941,669,21
0,0,0,0,0,561,1664,6645,13475,4164,2234,2014,2217,2012,2135,3063,4568,9444,13734,7448,4673,4879,4382,59,0,0,0,0,0,214,640,2487,5032,1586,876,769,865,791,836,1176,1763,3566,5122,2816,1803,1919,1701,24
0,0,0,0,0,31,3081,10606,14266,11548,10830,12404,12548,13259,14297,16645,21966,41845,71786,52561,30474,29641,23917,2500,0,0,0,0,0,11,1176,4007,5455,4479,4234,4871,4957,5251,5631,6492,8493,15959,27002,19793,11647,11431,9359,952
0,0,0,0,0,40,975,6471,10675,7343,5739,5651,7020,6665,8393,10698,14436,25207,49547,31000,20950,19994,13913,1001,0,0,0,0,0,16,373,2441,4019,2865,2243,2186,2752,2601,3278,4173,5517,9576,18455,11683,8064,7698,5434,399
0,0,0,0,0,15,1199,8427,17910,8990,5275,5608,5510,5560,7241,8532,11530,23238,37631,24062,15437,14432,10013,449,0,0,0,0,0,6,453,3143,6667,3432,2053,2179,2134,2171,2813,3281,4432,8793,14055,8975,5943,5609,3912,174
0,0,0,0,0,0,1689,10341,26952,16432,9755,9605,9703,10224,10332,12824,16130,25981,49938,40823,26122,23344,18473,2433,0,0,0,0,0,0,636,3896,10177,6280,3802,3741,3799,3985,4031,5014,6182,9956,18621,15289,9972,9022,7193,966
0,0,0,0,0,0,2412,9586,29797,8923,3119,2107,3118,2557,2689,2792,4129,6233,9404,8032,5548,5605,4409,419,0,0,0,0,0,0,904,3575,11007,3330,1201,819,1195,980,1033,1096,1607,2373,3561,3038,2122,2155,1731,174
0,0,0,0,0,4,9381,21110,83097,31141,9405,6617,6389,7551,6855,6613,7349,12293,15371,9601,6816,6043,5588,445,0,0,0,0,0,2,3572,7798,30518,11586,3574,2516,2465,2917,2647,2542,2861,4735,5807,3641,2633,2377,2174,172
0,0,0,0,0,13,2654,14628,61347,25141,7788,5418,6663,6124,5619,6260,6883,12703,15217,9988,6592,6491,6175,545,0,0,0,0,0,5,1021,5428,22647,9461,2959,2094,2545,2341,2192,2435,2685,4859,5726,3788,2544,2518,2416,210
0,0,0,0,0,228,2617,13747,34698,16427,9846,9273,9793,11932,11817,13219,16690,33328,46105,26906,18044,19675,13403,1126,0,0,0,0,0,85,984,5152,12979,6217,3795,3603,3766,4615,4581,5090,6382,12549,17218,10166,6947,7572,5222,443
0,0,0,0,0,86,4713,17687,62734,38615,16338,13401,13933,14301,13562,14875,18748,37211,45708,27058,16566,15163,11748,1087,0,0,0,0,0,31,1771,6644,23358,14484,6281,5214,5415,5560,5240,5771,7207,14169,17058,10160,6389,5872,4603,416
0,0,0,0,0,294,3679,12007,41980,32073,13726,12038,12806,12527,12295,14250,16643,34206,51585,28510,18533,18314,15997,1725,0,0,0,0,0,118,1397,4510,15686,12062,5252,4657,4965,4862,4778,5543,6421,12909,19227,10773,7119,7093,6233,682
0,0,0,0,0,122,1962,6088,11295,9227,6968,6191,6189,6310,7220,9106,11441,24913,35193,23590,15012,14095,11836,1608,0,0,0,0,0,49,764,2316,4285,3579,2716,2395,2421,2470,2850,3572,4407,9387,13111,8824,5762,5485,4601,627
0,0,0,0,0,0,4583,4952,6172,2104,1349,1285,895,1142,953,810,1851,1506,1109,977,1024,978,638,131,0,0,0,0,0,0,1709,1847,2280,801,533,496,348,447,374,322,721,592,424,370,405,378,251,54
0,0,0,0,0,33,1565,4488,5299,4556,4497,5448,5790,5141,6301,8979,13086,24270,40274,32761,19037,18161,12386,2100,0,0,0,0,0,14,602,1681,2017,1775,1756,2106,2282,2034,2468,3489,5043,9179,14954,12293,7229,7018,4801,811
0,0,0,0,0,20,1667,8587,8818,3391,4237,4613,5713,5085,5483,6937,9582,19534,33628,23865,12940,12735,8526,2173,0,0,0,0,0,8,639,3195,3338,1330,1663,1790,2219,2006,2129,2716,3680,7393,12494,8894,4911,4896,3318,867
0,0,0,0,0,25,1367,5619,7563,7168,6527,5124,7787,6322,7404,9449,12492,20666,31199,25270,14745,13490,12164,2569,0,0,0,0,0,10,501,2135,2849,2765,2555,1976,3025,2447,2876,3662,4824,7854,11701,9466,5616,5202,4727,1020
0,0,0,0,0,0,1469,14163,16157,6614,4801,5227,6166,6022,6434,10040,12883,19572,36190,29320,15272,15907,10935,2843,0,0,0,0,0,0,548,5250,6031,2531,1867,2021,2390,2359,2535,3944,5015,7425,13586,11007,5891,6129,4298,1126
0,0,0,0,0,0,1173,7612,18074,6015,2269,1818,2294,2143,2275,2842,4831,6450,11627,7708,5490,4163,4035,734,0,0,0,0,0,0,456,2804,6681,2256,861,702,879,809,876,1083,1826,2431,4378,2916,2087,1620,1558,288
0,0,0,0,0,6,1398,21322,54174,12944,9957,9287,9112,8984,9866,12029,14158,21345,32978,35583,21864,17637,14367,4571,0,0,0,0,0,2,530,7916,20118,5018,3892,3625,3542,3518,3877,4716,5518,8213,12479,13475,8390,6825,5618,1792
0,0,0,0,0,0,2638,11827,24709,23543,19978,22372,20734,21100,23440,28374,39327,64692,1.42e+05,1.21e+05,68294,62286,51256,0,0,0,0,0,0,0,1014,4484,9315,9084,7724,8781,8055,8232,9188,11078,15151,24718,53234,45255,25984,23914,19825,0
0,0,0,0,0,0,708,4335,26475,9110,4520,3264,4417,5221,4876,4712,6530,9808,16788,12938,7610,6659,5256,0,0,0,0,0,0,0,272,1633,9802,3414,1737,1245,1693,1985,1865,1804,2515,3753,6310,4897,2903,2570,2023,0
0,0,0,0,0,9,930,4385,18295,11090,7980,9136,9803,10412,11270,13860,19018,32545,57866,45208,26533,23854,17783,0,0,0,0,0,0,3,358,1675,6882,4267,3090,3546,3821,4022,4399,5360,7286,12345,21549,16895,10132,9260,6998,0
0,0,0,0,0,87,1388,12218,44646,20039,11457,11304,13036,11815,13084,16178,22761,39675,59153,42819,25656,25665,14549,0,0,0,0,0,0,34,516,4631,16587,7617,4439,4342,5053,4619,5083,6308,8709,14960,22020,15994,9854,9885,5712,0
0,0,0,0,0,167,5819,28434,1.22e+05,88075,33372,20729,18243,20426,16176,16461,19964,31831,38554,22359,13364,10376,5879,0,0,0,0,0,0,64,2205,10572,45107,32997,12805,8053,7088,7930,6265,6419,7698,12243,14588,8489,5161,4008,2313,0
0,0,0,0,0,0,4908,27075,1.27e+05,66389,22496,14185,15484,17899,14241,15137,17793,28728,46513,31919,20049,19354,13378,0,0,0,0,0,0,0,1878,10107,46965,24716,8607,5487,5969,6943,5550,5791,6806,10884,17299,11997,7715,7512,5194,0
0,0,0,0,0,26,3883,17083,41347,31871,34440,31768,31758,29402,28380,27956,30572,43806,60351,39189,20989,17737,9086,0,0,0,0,0,0,10,1472,6498,15546,12218,13489,12568,12456,11584,11211,11067,12011,16882,22875,14890,8088,6849,3550,0
0,0,0,0,0,20,3436,12411,67903,46039,18820,13483,13169,14422,13564,12784,15641,25105,28382,18872,12442,12606,6571,0,0,0,0,0,0,8,1305,4655,25115,17207,7158,5176,5069,5557,5251,4936,6012,9632,10705,7061,4770,4891,2547,0
0,0,0,0,0,7,1440,7877,15156,3261,1876,1491,1607,1678,1711,1540,1730,2498,3063,2033,1842,1898,871,81,0,0,0,0,0,2,538,2905,5637,1243,715,580,627,650,664,608,681,967,1162,794,725,741,338,28
0,0,0,0,0,0,900,4072,4639,1466,505,409,539,378,360,474,670,1323,869,1131,649,626,196,0,0,0,0,0,0,0,335,1526,1739,554,189,164,204,139,140,182,267,501,334,435,248,238,76,0
0,0,0,0,0,0,2082,12107,22077,10469,8619,8691,9354,9749,9663,12586,16592,31026,47908,40751,20377,18141,5544,0,0,0,0,0,0,0,781,4584,8276,4084,3394,3349,3682,3829,3804,4932,6397,11748,18020,15243,7757,7023,2174,0
0,0,0,0,0,0,1564,5194,5844,5930,8421,7685,8601,8216,10352,12501,17738,29855,56834,74990,39662,37943,16889,0,0,0,0,0,0,0,597,1993,2266,2346,3330,3005,3353,3235,4039,4923,6861,11353,21334,27882,15086,14624,6430,0
0,0,0,0,0,0,309,2942,2748,2198,2475,2145,2368,2299,2530,3283,4412,8152,12177,12652,7090,4981,2474,0,0,0,0,0,0,0,118,1115,1040,877,981,838,929,885,988,1284,1720,3129,4586,4726,2675,1938,963,0
0,0,0,0,0,0,2307,10194,11540,9542,8876,8221,9106,8614,9242,11924,14765,27412,38368,31321,15429,11701,5542,0,0,0,0,0,0,0,891,3891,4425,3749,3501,3250,3541,3333,3590,4610,5751,10413,14436,11791,5884,4505,2135,0
0,0,0,0,0,0,4387,17067,19586,18785,19822,17576,16774,18046,18864,22966,31499,42714,57843,44053,30360,23171,14266,0,0,0,0,0,0,0,1654,6490,7559,7326,7690,6874,6527,7040,7334,8968,12193,16350,21833,16695,11578,8956,5552,0
0,0,0,0,0,0,157,934,864,1321,1151,1256,1331,1109,1641,2000,2898,3672,6036,3191,2600,1468,1125,0,0,0,0,0,0,0,53,364,355,517,439,504,504,441,638,775,1109,1397,2270,1194,982,568,442,0
0,0,0,0,0,0,827,3207,4184,5116,4986,4141,4335,3764,4464,5739,7024,8731,12349,13526,7832,5354,3742,147,0,0,0,0,0,0,323,1256,1650,2047,1969,1635,1703,1497,1752,2280,2729,3350,4667,5156,2992,2059,1457,59
0,0,0,0,0,0,465,3406,3470,3357,2506,2324,1988,1544,1776,2068,2428,3403,3621,4540,3482,2024,1389,257,0,0,0,0,0,0,171,1296,1299,1338,994,914,777,592,689,791,943,1303,1353,1721,1336,795,541,101
0,0,0,0,0,8,1516,7949,15470,8723,8227,7181,6345,5851,5922,5907,5534,6300,7018,5326,5214,3603,2457,446,0,0,0,0,0,2,578,2968,5807,3312,3221,2835,2486,2293,2292,2302,2183,2432,2702,2038,1993,1407,966,179
